{    "dir_x": 0.9997332096099854,    "dir_y": 0.023097874596714973,    "map_data": [        1,        1,        1,        1,        1,        1,        1,        1,        1,        1,        1,        1,        1,        1,        1,        1,        1,        1,        1,        1,        1,        1,        1,        1,        1,        1,        1,        1,        1,        0,        0,        2,        2,        2,        0,        0,        0,        0,        0,        0,        0,        0,        0,        0,        0,        0,        0,        0,        0,        0,        0,        0,        0,        0,        0,        1,        1,        0,        0,        0,        0,        2,        1,        0,        2,        2,        2,        2,        2,        2,        1,        1,        1,        0,        0,        0,        0,        0,        0,        0,        0,        0,        0,        1,        1,        0,        0,        2,        0,        2,        0,        0,        0,        0,        0,        0,        0,        2,        0,        0,        0,        0,        0,        0,        3,        0,        0,        3,        0,        0,        0,        1,        1,        2,        2,        2,        0,        2,        1,        0,        2,        2,        2,        2,        0,        2,        0,        0,        0,        0,        0,        0,        0,        0,        0,        0,        0,        0,        0,        1,        1,        0,        0,        0,        0,        2,        0,        0,        0,        0,        0,        2,        0,        2,        2,        2,        2,        0,        3,        0,        0,        0,        0,        0,        0,        3,        0,        1,        1,        0,        0,        2,        2,        2,        2,        2,        2,        2,        0,        2,        0,        2,        0,        0,        0,        2,        0,        3,        0,        0,        0,        0,        3,        0,        0,        1,        1,        0,        0,        2,        0,        0,        0,        0,        0,        2,        0,        2,        0,        2,        2,        2,        0,        2,        0,        0,        3,        3,        3,        3,        0,        0,        0,        1,        1,        0,        0,        0,        0,        0,        0,        0,        0,        0,        0,        2,        0,        0,        0,        0,        0,        2,        0,        0,        0,        0,        0,        0,        0,        0,        0,        1,        1,        1,        1,        1,        1,        1,        1,        1,        1,        1,        1,        1,        1,        1,        1,        1,        1,        1,        1,        1,        1,        1,        1,        1,        1,        1,        1,        1    ],    "map_height": 10,    "map_width": 28,    "plane_x": 0.023097874596714973,    "plane_y": -0.9997332096099854,    "starting_pos_x": 1.379442572593689,    "starting_pos_y": 2.033055543899536,    "texture_paths": [        "assets/Brick/Brick_14-128x128.png",        "assets/Brick/Brick_13-128x128.png",        "assets/lol.png"    ]}